"","treatment","plant","emmean","SE","df","lower.CL","upper.CL"
"1","ambient","INSP",0.00689261333333333,0.00289119730432193,7.00000000000001,5.60180713940241e-05,0.0137292085952726
"2","elevated","INSP",0.0017305945,0.00391469965594855,7.00000000000001,-0.00752619924415787,0.0109873882441579
"3","ambient","LATR",0.005362954,0.00289119730432193,7,-0.00147364126193931,0.0121995492619393
"4","elevated","LATR",0.00203947766666667,0.00289119730432193,7,-0.00479711759527265,0.00887607292860598
