"","Sum Sq","Mean Sq","NumDF","DenDF","F value","Pr(>F)"
"plant",35.7916207912146,35.7916207912146,1,13.9999999998294,0.756093522287922,0.399216783292836
"treatment",192.892330951866,192.892330951866,1,14.0000000006398,4.07482641768272,0.0631059615386321
"depth",25.7506718446141,25.7506718446141,1,13.9999999992116,0.543979728938505,0.472969577512077
"plant:treatment",0.196848000822418,0.196848000822418,1,13.9999999997762,0.00415838945001593,0.949495326422173
"plant:depth",5.26253242170156,5.26253242170156,1,13.9999999998028,0.11117034062496,0.743756722080915
"treatment:depth",0.920584281301417,0.920584281301417,1,13.9999999994541,0.0194472280501735,0.891078215573496
"plant:treatment:depth",60.5223794574715,60.5223794574715,1,13.9999999997762,1.27852771262256,0.277172071994743
