"","treatment","mean","sd","n","se"
"1","ambient",82.5494036710136,24.1663726758781,15,6.23973059412787
"2","elevated",73.4552116011009,22.5457940797578,15,5.82129899986159
