"","INSP_6","lnpi","x","div.s"
"1",0.999999998,-103.97587722954,-0.591400142983726,0.591400142983726
