"","INSP_3","lnpi","x","div.s"
"1",1.000000005,-186.249308425296,-0.650265832019639,0.650265832019639
