"","INSP_1","lnpi","x","div.s"
"1",1.000000001,-80.4608895725209,-0.664012569523084,0.664012569523084
