"","INSP_5","lnpi","x","div.s"
"1",0.999999999,-181.336444476239,-0.629385550065407,0.629385550065407
