"","INSP_4","lnpi","x","div.s"
"1",1.000000001,-96.2110255065507,-0.818979175303121,0.818979175303121
